{
    "manifest_version": 3,
    "name": "OpenAI Model Interface",
    "version": "1.0",
    "description": "UI для общения с моделью через FastAPI.",
    "action": {
        "default_popup": "popup.html",
        "default_title": "OpenAI Model Interface"
    },
    "background": {
        "service_worker": "background.js"
    },
    "permissions": [
        "activeTab",
        "storage",
        "scripting"
    ],
    "host_permissions": [
        "http://localhost:8000/*"
    ]
}